,precision,recall,f1-score,support
Low/Moderate,0.6666666666666666,0.6666666666666666,0.6666666666666666,6.0
High,0.7142857142857143,0.7142857142857143,0.7142857142857143,7.0
accuracy,0.6923076923076923,0.6923076923076923,0.6923076923076923,0.6923076923076923
macro avg,0.6904761904761905,0.6904761904761905,0.6904761904761905,13.0
weighted avg,0.6923076923076923,0.6923076923076923,0.6923076923076923,13.0
