,precision,recall,f1-score,support
Low/Moderate,0.5,0.6666666666666666,0.5714285714285714,6.0
High,0.6,0.42857142857142855,0.5,7.0
accuracy,0.5384615384615384,0.5384615384615384,0.5384615384615384,0.5384615384615384
macro avg,0.55,0.5476190476190476,0.5357142857142857,13.0
weighted avg,0.5538461538461539,0.5384615384615384,0.532967032967033,13.0
