{
    "accuracy": 0.5384615384615384,
    "precision": 0.6,
    "recall": 0.42857142857142855,
    "f1": 0.5
}