{
    "accuracy": 0.6923076923076923,
    "precision": 0.7142857142857143,
    "recall": 0.7142857142857143,
    "f1": 0.7142857142857143
}